{"cameraMode":{"drawMode":0,"name":"Shaded","section":"Shading Mode"},"sceneLighting":false,"audioPlay":false,"sceneViewState":{"m_AlwaysRefresh":false,"showFog":true,"showSkybox":false,"showFlares":true,"showImageEffects":true,"showParticleSystems":true,"showVisualEffectGraphs":true,"m_FxEnabled":true},"in2DMode":false,"pivot":{"x":-0.12999999523162843,"y":0.7799999713897705,"z":-7.260000228881836},"rotation":{"x":0.01667848229408264,"y":-0.9818864464759827,"z":0.15777942538261414,"w":0.10463878512382508},"size":0.0945722684264183,"orthographic":false}